QuestionNumber,Excel Result,CSV Result,A,B,C,D,Cropped Image Link
Q2,B,A*C*D,3.59,100.0,3.78,3.48,
Q9,B,A*C*D,7.04,100.0,5.21,8.39,
Q13,B,A*C*D,3.12,100.0,0.67,1.14,
Q24,A,B*C*D,100.0,5.14,2.49,4.54,
Q33,A,B*C*D,100.0,2.75,3.18,6.74,
Q1,D,A*B*C,7.3,3.56,5.26,100.0,
Q2,A,B*C*D,100.0,4.9,1.06,4.79,
Q3,D,A*B*C,4.08,3.47,4.57,100.0,
Q4,C,A*B*D,5.14,4.16,100.0,4.27,
Q11,C,A*B*D,2.92,3.18,100.0,1.79,
Q29,B,A*C*D,5.34,100.0,5.84,8.85,
Q40,D,A*B*C,5.46,8.58,7.01,100.0,
Q1,C,A*B*D,8.24,5.19,100.0,3.54,
Q2,B,A*C*D,5.55,100.0,1.47,3.59,
Q3,D,A*B*C,4.17,2.15,2.81,100.0,
Q4,A,B*C*D,100.0,1.26,1.69,3.89,
Q5,B,A*C*D,4.62,100.0,1.64,3.89,
Q6,C,A*B*D,3.94,4.52,100.0,3.54,
Q7,B,A*C*D,6.23,100.0,3.91,5.21,
Q8,C,A*B*D,4.25,7.74,100.0,3.65,
Q9,D,A*B*C,4.97,7.03,7.16,100.0,
Q10,A,B*C*D,100.0,6.22,3.02,4.71,
Q11,B,A*C*D,2.38,100.0,0.98,1.75,
Q12,C,A*B*D,2.06,3.04,100.0,0.99,
Q13,D,A*B*C,1.71,2.33,1.99,100.0,
Q14,A,B*C*D,100.0,1.46,0.63,2.85,
Q15,C,A*B*D,3.22,2.95,100.0,2.79,
Q16,B,A*C*D,3.33,100.0,1.31,0.47,
Q17,D,A*B*C,2.17,3.2,0.8,100.0,
Q18,C,A*B*D,4.77,4.04,100.0,1.37,
Q19,D,A*B*C,6.13,3.58,2.31,100.0,
Q20,A,B*C*D,100.0,3.42,2.66,2.64,
Q21,B,A*C*D,3.87,100.0,4.91,8.26,
Q22,A,B*C*D,100.0,3.3,2.96,7.62,
Q23,C,A*B*D,3.02,2.38,100.0,7.32,
Q24,D,A*B*C,3.6,2.79,4.08,100.0,
Q25,B,A*C*D,3.48,100.0,2.8,6.58,
Q26,C,A*B*D,2.71,3.82,100.0,7.19,
Q27,A,B*C*D,100.0,5.45,3.36,9.08,
Q28,C,A*B*D,5.53,2.77,100.0,6.22,
Q29,D,A*B*C,5.1,6.05,7.27,100.0,
Q30,B,A*C*D,2.56,100.0,3.72,6.88,
Q31,A,B*C,100.0,5.65,6.09,11.4,
Q32,B,A*C,3.05,100.0,5.99,14.65,
Q33,C,A*B*D,4.92,5.81,100.0,6.36,
Q34,D,A*B*C,5.99,5.54,4.43,100.0,
Q35,B,A*C*D,1.67,100.0,3.1,9.25,
Q36,C,A*D,4.13,10.2,100.0,9.01,
Q37,D,A*B*C,2.7,6.12,4.69,100.0,
Q38,A,B*C,100.0,5.79,7.94,11.11,
Q39,B,A*C*D,5.21,100.0,5.19,9.81,
Q40,C,A,6.98,10.15,100.0,13.12,
Q1,A,B*C*D,100.0,5.3,1.66,2.49,
Q2,C,A*B*D,5.96,2.42,100.0,4.03,
Q3,C,A*B*D,3.22,4.89,100.0,4.4,
Q4,A,B*C*D,100.0,4.73,3.59,3.76,
Q5,D,A*B*C,6.68,5.71,4.2,100.0,
Q6,B,A*C*D,2.59,100.0,2.36,3.51,
Q7,A,B*C*D,100.0,7.34,6.01,6.03,
Q8,C,B*D,10.26,7.6,100.0,6.8,
Q9,D,A*B*C,5.24,9.44,8.51,100.0,
Q10,B,A*C*D,7.5,100.0,4.98,3.78,
Q11,C,A*B*D,3.37,2.61,100.0,1.86,
Q12,B,A*C*D,3.94,100.0,2.03,2.5,
Q13,D,A*B*C,3.02,3.08,1.85,100.0,
Q14,D,A*B*C,5.55,2.87,1.08,100.0,
Q15,A,B*C*D,100.0,2.15,1.38,1.14,
Q16,B,A*C*D,2.7,100.0,2.49,3.56,
Q17,A,B*C*D,100.0,2.71,2.71,0.0,
Q18,C,A*B*D,4.39,3.48,100.0,2.87,
Q19,B,A*C*D,4.63,100.0,1.62,1.85,
Q20,D,A*B*C,6.53,6.02,2.43,100.0,
Q21,D,A*B*C,3.83,5.73,4.02,100.0,
Q22,B,A*C*D,2.48,100.0,2.54,6.34,
Q23,C,A*B*D,2.59,5.48,100.0,7.35,
Q24,C,A*B*D,1.84,3.96,100.0,6.16,
Q25,A,B*C*D,100.0,3.43,2.99,6.76,
Q26,B,A*C*D,3.54,100.0,2.54,5.36,
Q27,A,B*C*D,100.0,5.79,3.01,8.05,
Q28,D,A*B*C,4.24,4.58,3.94,100.0,
Q29,C,A*B,5.93,5.2,100.0,11.66,
Q30,B,A*C*D,3.1,100.0,3.63,6.88,
Q31,A,B*C,100.0,8.6,4.46,12.51,
Q32,B,A*C,4.85,100.0,4.44,12.53,
Q33,C,A*B*D,3.19,5.07,100.0,7.66,
Q34,B,A*C*D,4.36,100.0,3.23,8.11,
Q35,A,B*C*D,100.0,4.03,2.42,7.99,
Q36,A,B*C*D,100.0,7.18,3.59,9.73,
Q37,D,A*C,3.89,10.03,4.01,100.0,
Q38,C,A*B,5.5,7.7,100.0,10.02,
Q39,D,A*B*C,6.43,7.98,5.51,100.0,
Q40,B,A*C,6.94,100.0,7.3,13.99,
Q1,C,A*B*D,6.35,7.1,100.0,3.87,
Q2,A,B*C*D,100.0,7.15,4.66,5.52,
Q3,B,A*C*D,5.24,100.0,5.75,3.21,
Q4,B,A*C*D,4.23,100.0,3.76,3.59,
Q5,D,A*B*C,4.09,5.19,4.38,100.0,
Q6,A,B*C*D,100.0,6.24,2.63,2.7,
Q7,B,C*D,10.24,100.0,4.07,5.2,
Q8,D,A*B*C,4.79,9.76,3.93,100.0,
Q9,C,A*B*D,5.57,5.75,100.0,6.06,
Q10,A,B*C*D,100.0,5.61,6.26,5.45,
Q11,B,A*C*D,4.71,100.0,1.85,1.79,
Q12,A,B*C*D,100.0,3.36,1.89,2.23,
Q13,D,A*B*C,3.66,4.32,1.54,100.0,
Q14,D,A*B*C,4.38,2.73,1.56,100.0,
Q15,B,A*C*D,4.49,100.0,1.22,1.48,
Q16,C,A*B*D,4.05,3.04,100.0,2.54,
Q17,D,A*B*C,3.88,1.5,2.0,100.0,
Q18,B,A*C*D,4.89,100.0,3.25,2.1,
Q19,A,B*C*D,100.0,2.5,2.1,4.33,
Q20,C,A*B*D,5.3,3.97,100.0,2.73,
Q21,A,B*C*D,100.0,5.47,5.01,5.44,
Q22,C,A*B*D,3.29,5.42,100.0,7.71,
Q23,B,A*C*D,3.48,100.0,3.43,6.65,
Q24,C,A*B*D,2.78,2.86,100.0,5.53,
Q25,A,B*C*D,100.0,5.33,5.02,8.4,
Q26,D,A*B*C,3.83,3.17,2.26,100.0,
Q27,B,A*C*D,3.35,100.0,4.55,7.2,
Q28,C,A*B*D,5.51,4.25,100.0,6.52,
Q29,A,B*C,100.0,8.15,4.33,10.3,
Q30,D,A*B*C,4.58,3.81,5.62,100.0,
Q31,C,A*B,3.36,9.93,100.0,15.0,
Q32,C,A*B,5.41,8.87,100.0,14.3,
Q33,B,A*C,3.97,100.0,4.82,10.02,
Q35,C,A*B,3.48,5.52,100.0,11.74,
Q36,D,A*B*C,5.27,7.25,6.04,100.0,
Q37,A,B*C*D,100.0,8.05,6.02,8.53,
Q38,B,A*C,9.41,100.0,7.65,13.42,
Q39,A,C,100.0,10.16,6.15,12.31,
Q40,C,A*B,8.2,9.72,100.0,18.15,
Q1,C,A*B*D,5.97,7.51,100.0,4.82,
Q2,B,A*C*D,4.39,100.0,1.91,3.67,
Q3,C,A*B*D,3.64,4.73,100.0,0.95,
Q4,A,B*C*D,100.0,4.26,1.12,1.28,
Q5,D,A*B*C,4.61,3.68,2.91,100.0,
Q6,C,A*B*D,2.75,3.68,100.0,2.43,
Q7,A,B*C*D,100.0,5.55,4.91,3.26,
Q8,B,A*C*D,6.4,100.0,5.2,5.37,
Q9,B,A*C*D,5.51,100.0,5.2,3.74,
Q10,D,A*B*C,3.97,4.37,3.79,100.0,
Q11,B,A*C*D,1.26,100.0,0.82,1.42,
Q12,C,A*B*D,3.17,1.69,100.0,1.19,
Q13,B,A*C*D,1.89,100.0,1.22,1.04,
Q14,A,B*C*D,100.0,1.0,1.13,1.3,
Q15,C,A*B*D,2.94,1.65,100.0,1.27,
Q16,D,A*B*C,1.99,1.53,2.06,100.0,
Q17,B,A*C*D,2.97,100.0,0.61,0.31,
Q18,C,A*B*D,2.62,3.18,100.0,3.55,
Q19,A,B*C*D,100.0,3.01,3.54,2.54,
Q20,A,B*C*D,100.0,3.18,2.78,3.12,
Q21,C,A*B*D,4.83,5.3,100.0,5.57,
Q22,B,A*C*D,2.5,100.0,2.29,4.16,
Q23,C,A*B*D,1.33,3.68,100.0,5.46,
Q24,A,B*C*D,100.0,3.29,1.18,3.24,
Q25,D,A*B*C,0.54,3.22,1.68,100.0,
Q26,B,A*C*D,2.65,100.0,1.51,4.54,
Q27,A,B*C*D,100.0,3.74,3.92,4.34,
Q28,C,A*B*D,4.36,5.01,100.0,6.85,
Q29,C,A*B*D,3.51,7.95,100.0,6.49,
Q30,B,A*C*D,2.36,100.0,4.72,6.74,
Q31,B,A*C*D,2.66,100.0,5.22,8.53,
Q32,A,B*C,100.0,6.42,4.85,12.05,
Q33,D,A*B*C,3.76,3.38,3.25,100.0,
Q34,C,A*B*D,3.47,6.1,100.0,9.08,
Q35,A,B*C*D,100.0,4.5,3.6,6.3,
Q36,B,A*C*D,4.66,100.0,4.11,8.25,
Q37,C,A*B*D,4.05,6.23,100.0,8.12,
Q38,A,B*C,100.0,7.58,8.12,11.95,
Q39,B,A*C,7.05,100.0,5.26,10.47,
Q40,C,A*B,7.77,9.24,100.0,12.54,
Q1,B,A*C*D,5.43,100.0,3.51,4.65,
Q2,A,B*C*D,100.0,3.79,2.8,4.35,
Q3,C,A*B*D,3.46,3.57,100.0,2.68,
Q4,C,A*B*D,4.6,4.06,100.0,4.3,
Q5,B,A*C*D,2.92,100.0,1.9,4.56,
Q6,A,B*C*D,100.0,4.42,2.44,4.58,
Q7,C,A*B*D,3.84,6.85,100.0,5.01,
Q8,D,A*B*C,2.46,7.55,5.96,100.0,
Q9,A,B*C*D,100.0,6.33,4.27,7.0,
Q10,A,B*C*D,100.0,6.75,2.24,5.69,
Q11,D,A*B*C,1.94,2.0,1.69,100.0,
Q12,B,A*C*D,3.31,100.0,1.71,2.17,
Q13,A,B*C*D,100.0,1.65,1.35,2.04,
Q14,B,A*C*D,3.12,100.0,1.93,1.29,
Q16,B,A*C*D,2.08,100.0,1.48,1.44,
Q17,C,A*B*D,3.5,2.66,100.0,1.29,
Q18,D,A*B*C,3.96,2.29,1.31,100.0,
Q20,B,A*C*D,4.47,100.0,2.39,2.7,
Q21,A,B*C*D,100.0,6.79,4.15,5.41,
Q22,B,A*C*D,2.33,100.0,2.12,5.53,
Q24,B,A*C*D,3.23,100.0,1.09,5.58,
Q25,A,B*C*D,100.0,4.78,1.49,4.61,
Q27,B,A*C*D,2.55,100.0,2.62,5.85,
Q28,A,B*C*D,100.0,4.95,2.69,4.22,
Q30,B,A*C*D,2.71,100.0,2.06,7.13,
Q31,A,B*C*D,100.0,6.28,5.57,9.98,
Q33,B,A*C*D,4.01,100.0,2.64,7.68,
Q35,B*D,A*C,4.08,98.86,3.69,100.0,
Q37,A,B*C*D,100.0,4.86,3.89,7.02,
Q39,B,A*C,6.64,100.0,4.44,10.03,
Q40,D,A*B*C,6.02,7.17,6.37,100.0,
Q1,C,A*B*D,8.61,5.84,100.0,6.73,
Q2,B,A*C*D,5.38,100.0,1.79,1.79,
Q3,A,B*C*D,100.0,3.83,2.08,1.86,
Q4,A,B*C*D,100.0,1.85,0.63,1.27,
Q5,D,A*B*C,4.85,2.97,2.03,100.0,
Q6,B,A*C*D,6.29,100.0,3.46,3.36,
Q7,A,B*C*D,100.0,8.89,4.81,3.76,
Q8,C,A*B*D,3.36,3.2,100.0,5.7,
Q9,B,A*D,8.11,100.0,10.15,8.91,
Q10,A,B*C*D,100.0,6.98,1.6,6.77,
Q11,B,A*C*D,3.98,100.0,0.82,1.59,
Q12,A,B*C*D,100.0,3.13,0.76,1.22,
Q13,D,A*B*C,3.19,0.97,1.14,100.0,
Q14,D,A*B*C,4.01,3.98,0.4,100.0,
Q15,A,B*C*D,100.0,1.96,2.27,1.12,
Q16,C,A*B*D,3.68,2.55,100.0,0.42,
Q17,B,A*C*D,1.84,100.0,1.17,3.02,
Q18,A,B*C*D,100.0,9.28,0.35,0.34,
Q19,B,A*C*D,1.83,100.0,2.09,6.15,
Q20,D,A*B*C,3.9,5.2,3.31,100.0,
Q21,A,B*C*D,100.0,4.63,4.33,7.48,
Q22,B,A*C*D,1.67,100.0,2.5,5.77,
Q23,A,B*C*D,100.0,4.06,3.26,5.88,
Q24,D,A*B*C,1.9,4.5,1.27,100.0,
Q25,C,A*B*D,1.86,4.26,100.0,5.66,
Q26,C,A*B*D,3.34,4.35,100.0,4.25,
Q27,B,A*C*D,1.48,100.0,3.89,5.19,
Q28,D,A*B*C,3.14,4.58,3.61,100.0,
Q29,B,A*C*D,7.14,100.0,4.81,8.82,
Q30,A,B*C*D,100.0,6.25,3.35,5.26,
Q31,B,A*C*D,3.81,100.0,4.84,9.38,
Q32,D,A*B*C,5.27,5.17,3.62,100.0,
Q33,B,A*C*D,4.32,100.0,4.64,8.43,
Q34,C,A*B*D,3.97,5.96,100.0,8.72,
Q35,D,A*B*C,3.0,3.43,2.24,100.0,
Q36,A,B*C,100.0,5.3,2.97,10.91,
Q37,A,B*C*D,100.0,6.86,4.39,7.31,
Q38,B,A*C*D,5.62,100.0,9.2,7.42,
Q39,C,A*B*D,6.29,9.16,100.0,9.42,
Q40,C,A*B,5.28,9.94,100.0,13.36,
Q1,B,A*C*D,5.35,100.0,3.57,5.19,
Q2,B,A*C*D,3.58,100.0,1.88,3.91,
Q3,A,B*C*D,100.0,2.69,2.85,4.3,
Q4,C,A*B*D,9.35,3.04,100.0,2.22,
Q5,A,B*C*D,100.0,7.69,4.48,3.63,
Q6,D,A*B*C,2.21,4.0,3.43,100.0,
Q7,B,A*C*D,2.21,100.0,5.67,6.47,
Q8,C,A*B*D,3.5,3.66,100.0,5.39,
Q9,D,A*B*C,6.82,5.36,4.44,100.0,
Q10,A,B*C*D,100.0,5.7,3.03,2.24,
Q11,D,A*B*C,2.37,3.26,0.98,100.0,
Q12,A,B*C*D,100.0,3.71,1.26,1.1,
Q13,B,A*C*D,2.5,100.0,0.15,0.74,
Q14,B,A*C*D,3.11,100.0,0.98,0.7,
Q15,C,A*B*D,2.27,0.55,100.0,0.88,
Q16,D,A*B*C,2.32,1.89,2.55,100.0,
Q17,A,B*C*D,100.0,2.48,0.31,0.8,
Q18,B,A*C*D,3.5,100.0,5.42,3.19,
Q19,D,A*B*C,6.24,3.88,0.54,100.0,
Q20,B,A*C*D,1.97,100.0,3.05,4.33,
Q21,A,B*C*D,100.0,3.84,5.22,7.23,
Q22,C,A*B*D,3.35,2.98,100.0,5.62,
Q23,D,A*B*C,2.4,2.68,3.34,100.0,
Q24,A,B*C*D,100.0,4.54,1.14,5.56,
Q25,B,A*C*D,4.2,100.0,3.34,6.61,
Q26,A,B*C*D,100.0,3.87,2.1,5.09,
Q27,C,A*B*D,2.93,4.04,100.0,6.68,
Q28,B,A*C*D,1.14,100.0,3.17,6.61,
Q29,D,A*B*C,7.49,6.43,5.43,100.0,
Q30,C,A*B*D,4.65,3.39,100.0,7.05,
Q31,C,A*B*D,4.05,6.65,100.0,9.01,
Q32,D,A*B*C,4.74,9.07,7.26,100.0,
Q33,A,B*C*D,100.0,4.5,3.0,6.62,
Q34,B,A*C*D,4.27,100.0,3.9,9.86,
Q35,B,A*C*D,4.84,100.0,3.56,7.11,
Q36,A,B*C*D,100.0,3.85,3.27,7.47,
Q37,C,A*B*D,5.28,6.57,100.0,8.86,
Q38,B,A*C,5.13,100.0,7.8,13.42,
Q39,D,A*B*C,4.51,6.15,5.19,100.0,
Q40,D,A*B*C,5.42,8.29,7.19,100.0,
Q1,B,A*C*D,4.33,100.0,3.18,3.23,
Q2,C,A*B*D,4.32,7.95,100.0,1.5,
Q3,D,A*B*C,3.09,3.48,4.24,100.0,
Q4,A,B*C*D,100.0,2.97,0.98,2.66,
Q5,B,A*C*D,9.22,100.0,0.91,2.64,
Q6,C,A*B*D,3.95,4.45,100.0,1.48,
Q7,D,A*B*C,2.91,3.07,4.76,100.0,
Q8,C,A*B,5.05,2.61,100.0,14.1,
Q9,B,A*D,5.74,100.0,17.08,4.23,
Q10,A,B*C*D,100.0,9.02,4.63,3.6,
Q11,B,A*C*D,4.01,100.0,2.07,0.54,
Q12,D,A*B*C,2.52,1.47,1.17,100.0,
Q13,B,A*C*D,1.99,100.0,0.28,1.47,
Q14,A,B*C*D,100.0,2.6,0.4,0.53,
Q15,A,B*C*D,100.0,0.71,1.07,1.26,
Q16,B,C*D,13.72,100.0,1.34,0.87,
Q17,D,A*B*C,2.68,6.55,1.17,100.0,
Q18,A,B*C*D,100.0,3.96,1.65,4.0,
Q19,C,A*B*D,5.39,3.64,100.0,2.47,
Q20,C,A*B*D,3.08,2.94,100.0,2.45,
Q21,D,A*B*C,3.54,4.55,3.68,100.0,
Q22,C,A*B*D,2.94,3.16,100.0,5.51,
Q23,A,B*C*D,100.0,2.84,2.29,6.3,
Q24,B,A*C*D,4.13,100.0,2.0,3.78,
Q25,C,A*B*D,2.83,4.11,100.0,4.78,
Q26,A,B*C*D,100.0,3.78,2.26,4.79,
Q27,B,A*C*D,4.23,100.0,2.87,4.09,
Q28,D,A*B*C,3.94,5.63,4.09,100.0,
Q29,B,A*C*D,3.55,100.0,4.46,9.62,
Q30,A,C*D,100.0,10.62,3.24,5.46,
Q31,A,B*C*D,100.0,3.4,4.29,5.87,
Q32,C,A*B*D,4.49,4.0,100.0,9.11,
Q33,B,A*C*D,2.83,100.0,3.06,6.44,
Q34,A,B*C*D,100.0,5.8,3.33,7.69,
Q35,B,A*C*D,4.48,100.0,3.69,7.0,
Q36,C,A*B*D,2.85,4.66,100.0,7.26,
Q37,A,B*C*D,100.0,7.91,5.48,7.63,
Q38,B,A*C*D,3.85,100.0,5.89,7.47,
Q39,A,B*C*D,100.0,8.0,3.27,7.47,
Q40,A,C,100.0,11.21,5.75,10.38,
Q1,A,B*C*D,100.0,3.37,1.88,4.88,
Q2,A,B*C*D,100.0,3.98,2.2,3.49,
Q3,B,A*C*D,3.29,100.0,3.94,1.98,
Q4,B,A*C*D,2.97,100.0,1.61,3.11,
Q5,D,A*B*C,4.41,3.77,2.34,100.0,
Q6,C,A*B*D,5.05,4.62,100.0,3.35,
Q7,B,A*C*D,4.97,100.0,1.61,2.42,
Q8,A,B*C*D,100.0,5.81,3.38,3.01,
Q9,B,A*C*D,6.2,100.0,5.63,6.85,
Q10,C,A*B*D,4.77,7.19,100.0,4.51,
Q11,A,B*C*D,100.0,0.89,0.25,1.72,
Q12,D,A*B*C,3.04,2.03,1.39,100.0,
Q13,B,A*C*D,2.75,100.0,0.38,2.1,
Q14,C,A*B*D,1.58,1.81,100.0,1.25,
Q15,C,A*B*D,2.0,1.45,100.0,0.77,
Q16,A,B*C*D,100.0,1.5,1.4,1.63,
Q17,C,A*B*D,3.42,2.04,100.0,0.98,
Q18,B,A*C*D,2.18,100.0,2.67,1.23,
Q19,B,A*C*D,3.53,100.0,0.43,2.06,
Q20,D,A*B*C,4.6,3.41,1.87,100.0,
Q21,C,A*B*D,3.39,4.18,100.0,8.23,
Q22,B,A*C*D,2.18,100.0,0.94,5.69,
Q23,D,A*B*C,1.85,2.85,2.8,100.0,
Q24,B,A*C*D,2.93,100.0,1.36,4.94,
Q25,A,B*C*D,100.0,3.24,4.08,8.12,
Q26,A,B*C*D,100.0,2.09,1.31,5.65,
Q27,B,A*C*D,7.15,100.0,1.76,7.01,
Q28,C,A*B*D,3.55,3.55,100.0,6.29,
Q30,D,A*B*C,2.98,3.44,3.21,100.0,
Q31,B,A*C*D,3.73,100.0,4.93,8.41,
Q32,B,A*C*D,3.78,100.0,3.3,9.85,
Q33,D,A*B*C,2.67,4.71,3.76,100.0,
Q34,B,A*C*D,2.24,100.0,2.86,8.17,
Q35,B,A*C*D,3.95,100.0,3.59,5.47,
Q36,C,A*B*D,4.02,6.42,100.0,8.83,
Q37,C,A*B*D,3.64,5.52,100.0,8.66,
Q38,C,A*B,4.97,7.82,100.0,10.07,
Q39,B,A*C*D,4.51,100.0,7.97,9.15,
Q40,B,A*C*D,7.07,100.0,6.17,9.11,
Q1,A,C*D,100.0,11.28,4.61,6.7,
Q2,B,C*D,10.6,100.0,6.96,4.3,
Q3,D,B*C,10.54,9.87,1.98,100.0,
Q4,C,A*B*D,7.57,2.7,100.0,5.08,
Q5,D,A*B*C,4.21,3.86,2.89,100.0,
Q6,C,A*B*D,6.29,9.03,100.0,5.92,
Q7,D,A*B*C,9.21,4.91,5.96,100.0,
Q8,C,A*D,8.3,10.31,100.0,9.7,
Q9,C,A,8.59,16.77,100.0,11.72,
Q10,B,A*C,9.01,100.0,9.3,12.5,
Q11,B,A*C*D,5.61,100.0,2.1,2.55,
Q12,C,A*B*D,5.12,3.02,100.0,3.52,
Q13,D,A*B*C,4.5,3.21,1.45,100.0,
Q14,C,A*B*D,1.88,3.75,100.0,3.65,
Q15,D,A*B*C,3.79,4.8,2.55,100.0,
Q16,C,A*B*D,4.74,5.54,100.0,1.85,
Q17,D,A*B*C,3.33,3.66,2.06,100.0,
Q18,C,A*B*D,7.21,4.42,100.0,2.25,
Q19,B,A*C*D,6.64,100.0,2.15,3.22,
Q20,D,A*B*C,8.33,6.3,3.5,100.0,
Q21,A,B*C*D,100.0,5.13,4.12,7.0,
Q22,B,A*C*D,5.14,100.0,3.95,7.71,
Q23,C,A*B*D,4.79,3.13,100.0,7.57,
Q24,B,A*C*D,2.6,100.0,1.44,6.3,
Q25,C,A*B*D,4.57,7.49,100.0,8.61,
Q26,B,A*C*D,3.29,100.0,2.62,7.99,
Q27,C,A*B*D,6.85,3.89,100.0,7.4,
Q28,B,A*C*D,5.65,100.0,4.02,9.04,
Q29,C,A*B,4.25,6.67,100.0,12.36,
Q30,D,A*B*C,5.56,6.54,5.12,100.0,
Q31,A,B*C,100.0,9.99,9.09,15.65,
Q32,C,A*B,7.19,8.58,100.0,13.26,
Q33,B,A*C,6.14,100.0,4.73,10.88,
Q34,C,A*B,3.23,8.5,100.0,12.65,
Q35,D,A*C,6.29,11.33,5.89,100.0,
Q36,B,A*C,4.81,100.0,4.07,13.23,
Q37,C*D,A*B,5.17,7.25,100.0,80.83,
Q38,B,A*C,8.15,100.0,9.77,13.32,
Q39,C,A,7.47,11.11,100.0,11.63,
Q40,D,A*B,8.59,8.95,23.41,100.0,
Q1,A,C*D,100.0,12.58,9.45,9.18,
Q2,B,C*D,10.25,100.0,4.97,6.75,
Q3,C,A*B*D,8.39,4.52,100.0,5.11,
Q4,D,C,12.12,10.87,6.43,100.0,
Q5,C,A*B*D,7.65,7.89,100.0,8.49,
Q6,B,A*C*D,3.98,100.0,3.21,3.74,
Q7,A,B*C*D,100.0,4.88,4.21,7.85,
Q8,B,C*D,11.88,100.0,8.18,8.53,
Q9,D,C,10.03,12.73,8.91,100.0,
Q10,B,A*C*D,8.8,100.0,5.64,7.84,
Q11,A,C*D,100.0,31.72,2.51,2.21,
Q12,C,A*B*D,7.03,2.31,100.0,3.5,
Q13,B,A*C*D,0.78,100.0,1.02,0.25,
Q14,C,A*B*D,3.67,3.91,100.0,2.01,
Q15,D,A*B*C,3.92,2.37,1.66,100.0,
Q16,B,A*C*D,9.08,100.0,2.23,2.38,
Q17,D,A*B*C,3.37,2.6,2.17,100.0,
Q18,B,A*C*D,7.47,100.0,1.69,3.46,
Q19,D,A*B*C,9.64,3.64,2.28,100.0,
Q20,B,C*D,11.51,100.0,4.78,3.63,
Q21,A,B*C*D,100.0,7.46,3.33,8.27,
Q22,C,A*B*D,2.39,7.95,100.0,6.24,
Q23,B*C,A*D,2.96,94.2,100.0,6.48,
Q24,D,A*B*C,2.93,6.25,9.13,100.0,
Q25,C,A,6.46,10.56,100.0,10.3,
Q26,D,A*B*C,2.85,6.17,4.13,100.0,
Q27,C,A*B*D,5.0,6.59,100.0,8.38,
Q28,B,A*C,9.81,100.0,5.86,13.14,
Q29,C,,11.31,14.23,100.0,15.8,
Q30,D,A*C,7.36,10.05,7.32,100.0,
Q31,A,,100.0,12.93,14.68,17.3,
Q32,B,A*C,7.55,100.0,6.5,18.4,
Q33,C,A*B,8.21,8.28,100.0,13.29,
Q35,C,A,8.09,18.03,100.0,19.17,
Q36,D,C,10.43,13.88,6.59,100.0,
Q37,B,A*C,9.57,100.0,7.09,17.67,
Q38,D,,10.36,15.51,11.03,100.0,
Q39,B,A*C,8.59,100.0,8.09,16.93,
Q40,D,C,10.5,15.27,8.9,100.0,
Q1,B,A*C*D,7.53,100.0,4.12,5.08,
Q2,C,A*B*D,4.65,6.97,100.0,3.9,
Q3,D,A*B*C,3.25,3.34,3.56,100.0,
Q4,A,B*C*D,100.0,2.91,1.57,2.54,
Q5,D,A*B*C,5.77,5.5,3.31,100.0,
Q6,B*D,A*C,3.57,90.67,2.94,100.0,
Q7,C,A*D,5.19,10.58,100.0,5.39,
Q8,B,A*C*D,8.99,100.0,6.42,4.9,
Q9,D,A*B*C,7.57,7.61,8.02,100.0,
Q10,B,A*C*D,5.7,100.0,5.65,6.75,
Q11,A,B*C*D,100.0,2.08,1.13,2.19,
Q12,C,A*B*D,3.56,2.83,100.0,1.47,
Q13,D,A*B*C,4.24,2.27,1.03,100.0,
Q14,B,A*C*D,4.25,100.0,0.7,0.7,
Q15,D,A*B*C,8.64,2.73,2.34,100.0,
Q17,B,A*C*D,5.03,100.0,1.45,1.5,
Q18,D,A*B*C,7.79,2.81,1.61,100.0,
Q19,B,C*D,10.04,100.0,3.51,4.19,
Q20,D,B*C,11.91,3.55,3.94,100.0,
Q21,A,B*C*D,100.0,8.59,2.16,7.93,
Q22,C,A*B*D,4.21,7.77,100.0,5.54,
Q23,D,A*B*C,2.92,6.05,2.15,100.0,
Q24,B,A*C*D,1.05,100.0,2.19,4.56,
Q25,D,A*B*C,1.99,5.29,1.7,100.0,
Q26,B,A*C*D,3.74,100.0,1.91,4.63,
Q27,D,A*B*C,4.67,3.6,2.79,100.0,
Q28,B,A*C*D,3.5,100.0,3.04,8.32,
Q29,D,A*B*C,5.08,8.75,4.52,100.0,
Q30,B,A*C*D,3.21,100.0,4.42,6.99,
Q31,B,A*C,4.7,100.0,6.31,10.52,
Q32,C,A*B,4.51,7.95,100.0,11.38,
Q33,C,A*B*D,5.01,7.18,100.0,9.66,
Q34,C,A*B,4.17,4.42,100.0,10.67,
Q35,B,A*C*D,4.38,100.0,4.67,9.02,
Q36,D,A*C,4.65,10.58,5.99,100.0,
Q37,B,A*C*D,6.46,100.0,4.37,7.68,
Q38,D,A*C,7.09,15.31,8.22,100.0,
Q39,B,A*C,9.28,100.0,7.6,10.84,
Q40,C,A,5.43,11.43,100.0,11.57,
Q1,A,,100.0,29.53,19.4,31.35,
Q2,B,A*C*D,9.64,100.0,3.68,3.97,
Q3,A,B*C*D,100.0,3.81,2.77,1.68,
Q4,B*D,C,13.22,72.47,7.69,100.0,
Q5,A,B*C*D,100.0,3.58,2.69,3.85,
Q6,B,A*C*D,5.49,100.0,1.99,4.03,
Q7,B,,19.72,100.0,11.31,14.33,
Q8,A,,100.0,15.98,20.09,23.4,
Q9,C,,22.56,21.42,100.0,18.82,
Q10,A,,100.0,30.51,33.4,28.64,
Q11,A,B*C*D,100.0,3.16,2.87,0.83,
Q12,B*D,C,21.98,100.0,4.26,91.38,
Q13,B,A*C*D,1.74,100.0,0.68,0.82,
Q14,C,A*B*D,2.65,2.29,100.0,2.05,
Q15,A,B*C*D,100.0,6.77,5.74,2.78,
Q16,B,A*C*D,3.02,100.0,2.08,0.84,
Q17,C,A*B*D,2.68,2.15,100.0,1.42,
Q18,B,D,20.48,100.0,14.67,5.36,
Q19,C,D,14.74,10.9,100.0,8.73,
Q20,B,C,26.06,100.0,7.31,11.29,
Q21,A,,100.0,30.12,26.38,42.02,
Q22,B,A,6.38,100.0,10.94,19.1,
Q23,A,,100.0,11.29,10.81,34.71,
Q24,B,A*C,9.84,100.0,5.9,12.72,
Q25,D,A*B*C,4.27,6.95,5.86,100.0,
Q26,B,A*C*D,6.17,100.0,4.19,5.82,
Q28,A,B*C*D,100.0,4.97,2.49,5.97,
Q29,B,A*C*D,5.1,100.0,6.62,7.17,
Q30,A,,100.0,25.62,28.57,31.32,
Q31,B,C,19.55,100.0,6.23,10.82,
Q33,A,B*C,100.0,4.89,3.41,17.41,
Q34,B,,11.67,100.0,11.23,26.03,
Q35,A,,100.0,28.61,21.64,43.0,
Q36,C,A*B,6.23,8.31,100.0,10.19,
Q37,B,C,12.04,100.0,9.26,10.64,
Q38,A,,100.0,39.18,22.69,44.05,
Q39,D,A*B,5.51,7.72,17.07,100.0,
Q40,B,A*C,7.78,100.0,7.84,11.26,
Q1,B,A*C*D,4.91,100.0,2.82,5.14,
Q2,C,A*B*D,5.16,6.21,100.0,3.0,
Q4,B,A*C*D,3.79,100.0,2.8,2.8,
Q5,C,A*B*D,5.11,2.81,100.0,2.71,
Q6,B,A*C*D,4.63,100.0,2.62,3.81,
Q7,D,A*B*C,3.62,6.46,4.74,100.0,
Q8,A,B*C*D,100.0,3.61,4.24,6.79,
Q9,B*C,A*D,8.31,99.11,100.0,3.81,
Q10,D,A,6.6,12.27,13.83,100.0,
Q11,B,A*C*D,2.8,100.0,0.85,0.99,
Q12,C,A*B*D,5.67,0.62,100.0,2.22,
Q13,B,A*C*D,2.3,100.0,1.03,1.16,
Q14,D,A*B*C,4.42,1.76,0.76,100.0,
Q15,A,B*C*D,100.0,0.74,0.93,2.37,
Q16,C,A*B*D,3.47,0.77,100.0,1.74,
Q18,B,A*C*D,4.0,100.0,3.92,1.53,
Q19,D,A*B*C,3.89,4.2,1.66,100.0,
Q20,A,B*C*D,100.0,2.66,2.21,4.9,
Q21,B,A*C*D,2.54,100.0,5.63,7.69,
Q22,C,A*B*D,2.19,7.25,100.0,6.4,
Q24,A,B*C*D,100.0,4.73,2.14,4.46,
Q25,C,A*B*D,2.15,5.9,100.0,4.86,
Q26,D,A*B*C,3.08,7.32,2.99,100.0,
Q27,A,B*C*D,100.0,5.92,2.96,5.38,
Q28,C,A,6.5,12.62,100.0,12.56,
Q29,A,B*C*D,100.0,9.03,5.78,9.03,
Q30,C,A*B*D,2.88,8.12,100.0,8.48,
Q31,B,A*C*D,3.59,100.0,4.4,7.52,
Q32,C*D,A,4.5,10.7,94.03,100.0,
Q33,A,B*C*D,100.0,5.01,4.71,6.77,
Q34,C,A*B,4.52,5.35,100.0,11.45,
Q35,B,A*C*D,3.91,100.0,3.64,7.56,
Q36,C,A*B*D,5.07,6.02,100.0,8.45,
Q37,B,C,16.93,100.0,9.78,19.83,
Q38,C,A,5.27,13.88,100.0,13.47,
Q39,A,B*C,100.0,7.96,7.96,12.11,
Q40,C,A,7.77,10.68,100.0,13.59,
Q1,C,A*B*D,5.9,5.11,100.0,3.91,
Q2,C,A*B*D,4.65,5.7,100.0,6.01,
Q3,A,B*C*D,100.0,2.56,2.27,4.01,
Q4,B,A*C*D,5.85,100.0,1.67,2.67,
Q5,C,A*B*D,4.59,4.73,100.0,2.69,
Q6,D,A*B*C,3.01,2.07,1.95,100.0,
Q7,B,A*C*D,3.11,100.0,3.68,5.87,
Q8,A*C,B*D,69.09,5.1,100.0,5.93,
Q9,D,A*B*C,5.5,5.23,5.22,100.0,
Q10,B,A*C*D,4.72,100.0,4.56,4.56,
Q11,B,A*C*D,2.05,100.0,1.27,2.46,
Q12,C,A*B*D,2.64,3.24,100.0,2.0,
Q13,A,B*C*D,100.0,0.57,0.57,1.52,
Q14,B*D,A*C,1.79,21.69,0.86,100.0,
Q15,A,B*C*D,100.0,0.56,0.42,1.19,
Q16,A,B*C*D,100.0,1.78,0.92,1.43,
Q17,C,A*B*D,2.82,2.14,100.0,2.05,
Q18,C,A*B*D,4.53,2.41,100.0,2.03,
Q19,B,A*C*D,4.57,100.0,2.91,2.84,
Q20,D,B*C,19.5,4.87,2.07,100.0,
Q21,A,B*C*D,100.0,5.46,3.53,7.14,
Q22,D,A*B*C,2.4,3.5,1.92,100.0,
Q23,B,A*C*D,2.41,100.0,2.78,6.38,
Q24,B,A*C*D,2.17,100.0,2.1,5.19,
Q25,C,A*B*D,2.43,5.02,100.0,5.71,
Q26,C,A*D,3.45,14.12,100.0,4.94,
Q27,A,B*C*D,100.0,4.96,3.91,7.12,
Q28,B,A*C*D,5.01,100.0,3.91,6.39,
Q29,C,A*B,4.34,9.77,100.0,10.88,
Q30,C,A*B*D,5.55,6.45,100.0,7.92,
Q31,B,A*C*D,4.12,100.0,4.98,8.1,
Q32,C,A*B*D,5.67,8.15,100.0,9.03,
Q33,B,A*C*D,4.09,100.0,3.97,6.05,
Q34,B,A*C*D,4.58,100.0,3.68,6.63,
Q35,A,B*C*D,100.0,5.85,2.93,7.17,
Q36,A,B*D,100.0,7.33,12.57,5.96,
Q37,B,A*C*D,3.75,100.0,3.2,5.69,
Q38,B,A*C,3.91,100.0,5.38,10.06,
Q39,C,A*B,5.03,9.75,100.0,11.43,
Q40,B,A*C,6.24,100.0,7.23,12.23,
Q1,B,A*C,5.82,100.0,3.17,16.18,
Q2,A,B*C*D,100.0,6.54,2.77,4.36,
Q3,D,A*B*C,3.93,4.21,2.81,100.0,
Q4,A,B*C*D,100.0,2.33,1.02,4.09,
Q5,B,A*C*D,3.82,100.0,2.27,2.58,
Q6,D,A*C,3.36,10.05,1.69,100.0,
Q7,A*C,B*D,100.0,3.7,91.37,5.63,
Q8,B,A*C*D,5.46,100.0,4.16,6.6,
Q9,B,A*C*D,6.72,100.0,4.82,6.35,
Q10,C,A*B*D,5.86,7.14,100.0,6.21,
Q11,C,A*B*D,1.81,1.15,100.0,0.56,
Q12,A,B*C*D,100.0,2.59,2.36,8.65,
Q13,A,B*C*D,100.0,0.9,0.45,0.74,
Q14,B,A*C*D,2.89,100.0,0.78,0.94,
Q15,D,A*B*C,2.86,1.7,0.92,100.0,
Q16,C,A*D,2.68,29.24,100.0,0.95,
Q17,A,B*C*D,100.0,3.23,1.61,2.5,
Q18,D,A*B*C,4.84,1.33,2.0,100.0,
Q19,B,A*C*D,9.16,100.0,5.71,4.58,
Q20,C,A*B*D,4.53,2.09,100.0,3.41,
Q21,B,A*C*D,4.1,100.0,5.4,4.94,
Q22,D,A*B*C,1.97,5.66,1.5,100.0,
Q23,A,B*C*D,100.0,3.08,3.02,6.18,
Q24,B,A*C*D,2.19,100.0,3.34,4.4,
Q25,C,A*B*D,2.37,5.62,100.0,5.49,
Q26,B,A*C*D,1.62,100.0,3.3,5.95,
Q27,A,B*C*D,100.0,5.78,3.36,6.64,
Q28,C,A*B*D,6.09,6.87,100.0,8.87,
Q29,D,A*B*C,5.23,7.52,6.98,100.0,
Q30,B,A*C*D,4.01,100.0,3.02,5.74,
Q31,B,A*C*D,3.51,100.0,3.48,7.86,
Q32,C,A*B*D,4.88,6.65,100.0,9.52,
Q33,A,B*C*D,100.0,2.86,3.76,6.71,
Q34,D,A*B*C,4.33,4.16,2.79,100.0,
Q35,B,A*C*D,3.61,100.0,2.92,9.15,
Q36,A,B*C,100.0,9.25,6.24,10.24,
Q37,C,A*B*D,5.6,6.62,100.0,7.3,
Q38,A,,100.0,17.96,14.78,25.96,
Q39,B,A*C*D,6.4,100.0,5.5,9.44,
Q40,C,A,6.22,13.4,100.0,12.99,
Q1,B,A*C*D,5.8,100.0,2.81,4.74,
Q2,C,A*B*D,4.23,5.34,100.0,3.54,
Q3,B,A*C*D,4.86,100.0,5.19,4.69,
Q4,D,A*B*C,4.6,3.98,2.49,100.0,
Q5,C,A*B*D,5.0,5.49,100.0,4.46,
Q6,B,A*C*D,3.49,100.0,2.95,3.0,
Q7,C*D,A*B,6.27,7.14,100.0,41.77,
Q8,C,A*B*D,6.86,5.38,100.0,6.46,
Q9,D,A*B*C,6.71,9.85,6.75,100.0,
Q10,C,A*B*D,7.0,6.02,100.0,6.19,
Q11,D,A*B*C,3.19,3.64,2.42,100.0,
Q12,B,A*C*D,2.95,100.0,2.03,1.3,
Q13,C,A*B*D,1.96,1.58,100.0,0.77,
Q14,C*D,A*B,3.47,2.04,100.0,36.38,
Q15,B,A*C*D,3.32,100.0,0.96,0.34,
Q16,C,A*B*D,4.55,1.38,100.0,1.59,
Q17,D,A*B*C,2.39,0.88,0.88,100.0,
Q18,D,A*B*C,4.19,2.59,3.29,100.0,
Q19,C,A*B*D,4.1,4.46,100.0,2.42,
Q20,D,A*B*C,6.32,4.56,2.89,100.0,
Q21,C,A*B*D,2.78,5.56,100.0,9.96,
Q22,B*C*D,A,2.58,43.95,56.41,100.0,
Q23,B,A*C*D,2.88,100.0,4.19,5.93,
Q24,C,A*B*D,2.67,3.84,100.0,5.85,
Q25,B,A*C*D,3.49,100.0,2.58,9.89,
Q26,D,A*B*C,1.39,3.13,2.19,100.0,
Q27,C,A*B*D,4.34,6.36,100.0,6.04,
Q28,A*D,B*C,93.76,6.46,3.42,100.0,
Q29,B*D,A*C,9.45,100.0,7.65,46.65,
Q30,C*D,A*B,2.89,8.6,100.0,35.93,
Q31,B,A*C*D,4.81,100.0,6.62,8.36,
Q32,C,A*B,5.87,6.73,100.0,12.64,
Q33,C,A*B*D,3.96,4.76,100.0,9.38,
Q34,B,A*C,5.87,100.0,6.23,10.52,
Q35,B*C,A,6.32,78.07,100.0,12.28,
Q36,C,A,6.83,13.46,100.0,11.86,
Q37,B*C,A*D,6.78,100.0,88.9,8.2,
Q38,B,A*C,7.41,100.0,6.05,11.74,
Q39,B,A*C,6.65,100.0,9.09,14.57,
Q40,C*D,A,8.63,13.85,100.0,49.65,
Q1,C,A*B*D,7.48,8.89,100.0,3.99,
Q2,D,A*B*C,4.78,3.39,1.44,100.0,
Q3,B,A*C*D,5.07,100.0,0.54,2.8,
Q4,B*C,A*D,4.12,100.0,39.21,4.0,
Q5,C,A*B*D,4.51,4.85,100.0,4.8,
Q6,B,A*C*D,5.02,100.0,2.34,3.5,
Q7,C,A*B*D,5.97,5.97,100.0,4.8,
Q8,D,A*B*C,8.76,7.62,3.14,100.0,
Q9,A,B*C*D,100.0,7.96,4.31,5.57,
Q10,C,A*B*D,6.55,3.66,100.0,7.81,
Q11,B,A*C*D,5.24,100.0,1.05,1.18,
Q12,C,A*B*D,3.67,3.16,100.0,2.34,
Q13,C*D,A*B,3.95,1.59,52.64,100.0,
Q14,B,A*C*D,3.02,100.0,1.56,2.43,
Q15,C,A*B*D,1.56,2.69,100.0,1.25,
Q16,D,A*B*C,1.9,1.04,0.53,100.0,
Q17,A,B*C*D,100.0,0.95,0.95,2.93,
Q18,A*D,B*C,100.0,1.67,2.05,46.25,
Q19,B,A*C*D,3.75,100.0,1.82,3.54,
Q20,C,A*B*D,5.47,5.87,100.0,2.3,
Q21,B,A*C*D,3.9,100.0,4.11,9.59,
Q22,D,A*B*C,5.13,3.91,3.69,100.0,
Q23,A,B*C*D,100.0,4.02,3.38,5.37,
Q24,B*C*D,A,2.6,100.0,42.56,25.07,
Q25,C,A*B*D,2.26,5.76,100.0,7.97,
Q26,B,A*C*D,2.65,100.0,3.12,6.94,
Q27,C,A*B*D,3.42,4.43,100.0,6.84,
Q28,C,A*B*D,2.23,6.87,100.0,7.52,
Q29,B*D,A*C,4.71,89.98,5.9,100.0,
Q30,D,A*B*C,2.46,5.92,4.39,100.0,
Q31,A,B*C,100.0,7.34,7.51,10.35,
Q32,B,A*C*D,5.19,100.0,6.69,9.46,
Q33,C,A*B*D,4.96,6.35,100.0,9.17,
Q34,B,A*C*D,4.72,100.0,5.33,9.05,
Q35,B,A*C,4.07,100.0,2.79,10.66,
Q36,C,A*B*D,3.98,6.84,100.0,9.79,
Q37,B,A*C*D,4.86,100.0,3.44,7.9,
Q38,C,A*B*D,7.48,6.77,100.0,7.95,
Q39,B,A*C,7.73,100.0,9.06,10.92,
Q40,C*D,A,7.18,10.53,100.0,50.51,
Q1,C*D,A*B,6.13,5.02,100.0,16.27,
Q2,B,A*C*D,2.43,100.0,1.77,4.32,
Q3,C,A*B*D,3.3,1.51,100.0,3.85,
Q4,B,A*C*D,5.0,100.0,1.91,2.78,
Q5,C,A*D,4.39,23.97,100.0,3.7,
Q6,C,A*B*D,4.51,4.58,100.0,4.05,
Q7,D,A*B*C,4.97,7.54,2.68,100.0,
Q8,B,A*C*D,6.63,100.0,4.82,7.41,
Q9,C,A*B*D,6.76,9.85,100.0,5.58,
Q10,C,A*B*D,5.8,7.22,100.0,2.27,
Q11,C*D,A*B,3.03,1.47,33.43,100.0,
Q12,C,A*B*D,3.53,0.53,100.0,2.6,
Q13,A,B*C*D,100.0,3.22,1.01,0.83,
Q14,B*D,A*C,3.48,100.0,1.03,37.49,
Q15,C,A*B*D,1.58,3.06,100.0,1.02,
Q16,B,A*C*D,5.12,100.0,1.88,0.33,
Q17,A,B*C*D,100.0,2.48,0.19,1.18,
Q18,B,A*C*D,7.99,100.0,2.49,1.49,
Q19,C,A*B*D,7.94,7.09,100.0,2.72,
Q20,D,A*B*C,9.1,3.72,2.6,100.0,
Q21,B,A*C*D,2.9,100.0,2.98,7.38,
Q22,C,A*B*D,3.37,6.17,100.0,7.11,
Q23,C,A*B*D,2.28,8.18,100.0,7.04,
Q24,B,A*C*D,3.64,100.0,2.08,6.74,
Q25,C,A*B*D,1.85,5.87,100.0,6.22,
Q26,D,A*B*C,1.71,5.13,1.49,100.0,
Q27,C,A*B*D,2.78,6.08,100.0,7.82,
Q28,B*D,A*C,4.0,100.0,4.4,33.02,
Q29,D,A*B*C,3.95,6.48,5.1,100.0,
Q30,B*C,A*D,4.74,100.0,35.67,6.34,
Q31,B*D,A*C,4.64,100.0,6.38,30.29,
Q32,C,A*B,2.68,6.21,100.0,11.37,
Q33,A*B,C,100.0,36.83,4.1,10.36,
Q34,C,A*B*D,2.18,4.8,100.0,9.11,
Q35,C,A*D,5.09,10.06,100.0,8.8,
Q36,B,A*C*D,7.5,100.0,4.68,9.08,
Q37,C,A*B,5.75,7.1,100.0,10.55,
Q38,C,A*D,5.55,10.74,100.0,9.09,
Q39,B*D,A*C,5.32,100.0,6.49,88.04,
Q40,B,A*C,8.55,100.0,6.85,12.25,
Q1,,C,100.0,24.99,8.08,11.76,
Q2,B,A*C*D,6.22,100.0,3.5,5.64,
Q3,C*D,A*B,2.95,3.04,95.24,100.0,
Q4,A,B*C*D,100.0,5.24,2.28,3.41,
Q6,B,D,15.11,100.0,10.22,8.63,
Q8,C,A*B*D,6.31,5.68,100.0,5.54,
Q9,B,A*C*D,6.77,100.0,5.82,7.77,
Q10,C,,13.77,21.65,100.0,14.76,
Q11,D,B*C,12.89,5.53,3.33,100.0,
Q12,B,A*C*D,9.54,100.0,4.59,2.63,
Q13,B,A*C*D,3.97,100.0,1.05,1.36,
Q14,C,A*B*D,5.33,1.54,100.0,1.17,
Q15,,C,100.0,74.81,8.72,28.1,
Q16,,C*D,100.0,14.4,7.8,5.31,
Q17,B,C*D,14.57,100.0,8.8,3.21,
Q18,C,A*B*D,8.99,4.74,100.0,1.91,
Q19,A,,100.0,14.95,10.89,14.04,
Q20,B,D,46.8,100.0,14.88,9.16,
Q21,B,A,9.73,100.0,13.3,23.33,
Q22,A*C,,80.94,46.83,100.0,44.32,
Q23,B,A*C,9.01,100.0,6.34,17.64,
Q24,C,A*B,8.42,8.67,100.0,13.15,
Q25,B,A*C*D,3.56,100.0,2.17,8.43,
Q26,A,B*C*D,100.0,7.22,1.88,5.14,
Q27,B,,21.84,100.0,12.23,39.48,
Q29,B,A*C,4.16,100.0,5.94,10.88,
Q30,A,C,100.0,28.05,9.94,19.95,
Q31,A*D,,86.95,37.46,24.74,100.0,
Q32,B,A*C,3.21,100.0,6.06,11.36,
Q33,B,C,11.12,100.0,9.32,23.78,
Q34,C,,11.51,21.18,100.0,19.29,
Q35,A,B*C*D,100.0,6.68,3.43,8.25,
Q36,A,C,100.0,22.91,7.37,19.06,
Q37,B,A*C*D,5.72,100.0,4.79,8.76,
Q38,A*C,D,100.0,11.67,87.78,8.69,
Q39,B,,17.64,100.0,18.43,27.96,
Q40,A,,100.0,51.07,26.64,49.54,
Q1,A,B*C*D,100.0,4.34,2.38,3.56,
Q2,B,A*C*D,5.08,100.0,2.63,3.94,
Q3,C,A*B*D,3.23,5.75,100.0,4.32,
Q4,D,A*B*C,2.8,4.69,3.06,100.0,
Q5,C,A*B*D,5.51,4.03,100.0,4.72,
Q6,B,A*C*D,4.42,100.0,3.03,2.94,
Q7,A,B*C*D,100.0,5.86,3.48,3.02,
Q8,B,A*C*D,5.88,100.0,4.38,4.61,
Q9,C,D,12.05,10.97,100.0,6.71,
Q10,B*D,C,12.43,42.07,6.12,100.0,
Q11,A,B*C*D,100.0,1.49,1.0,1.29,
Q12,C,A*B*D,8.65,1.59,100.0,2.91,
Q13,B,A*C*D,4.09,100.0,1.65,1.28,
Q14,C,A*B*D,7.83,3.54,100.0,1.89,
Q15,C,A*B*D,6.15,1.87,100.0,0.91,
Q16,C,A*B*D,7.28,1.56,100.0,1.73,
Q17,C,A*B*D,5.73,1.61,100.0,1.48,
Q18,A,B*C*D,100.0,1.96,2.31,2.59,
Q19,B,C*D,16.49,100.0,1.1,4.74,
Q20,A,B*C*D,100.0,3.58,2.2,4.08,
Q21,D,A*B*C,4.67,6.84,4.85,100.0,
Q22,D,A*B*C,3.0,3.42,1.99,100.0,
Q23,A,B*C*D,100.0,5.88,2.14,8.14,
Q24,C,A*B*D,2.5,5.66,100.0,3.71,
Q25,D,A*B*C,2.06,3.92,1.96,100.0,
Q28,C,A*B*D,4.0,6.27,100.0,4.26,
Q30,B,A*C*D,5.48,100.0,4.55,5.82,
Q33,B,A*C*D,5.68,100.0,3.51,7.13,
Q36,A*C,B*D,97.97,9.92,100.0,8.3,
Q38,B,A*C,5.98,100.0,7.19,11.8,
Q1,B,C*D,10.21,100.0,4.78,4.64,
Q2,D,A*B*C,3.82,3.0,1.41,100.0,
Q3,C,A*B*D,3.73,5.19,100.0,5.04,
Q6,B,A*C*D,2.87,100.0,1.97,3.5,
Q10,A*C,B*D,90.53,4.68,100.0,3.5,
Q11,C,B,45.95,7.37,100.0,10.2,
Q12,B,A*C*D,9.72,100.0,1.67,2.43,
Q15,A,B*C*D,100.0,0.48,2.1,1.37,
Q16,B,A*C*D,8.7,100.0,2.08,1.82,
Q17,C,A*B*D,6.99,1.26,100.0,2.6,
Q18,A*D,B*C,100.0,1.75,6.15,84.92,
Q20,C,B*D,11.12,4.58,100.0,4.27,
Q21,B,A*C*D,1.64,100.0,3.9,5.5,
Q22,B,A*C*D,2.86,100.0,2.16,5.08,
Q23,B,A*C*D,3.1,100.0,2.24,5.91,
Q24,B,A*C*D,1.57,100.0,1.38,4.71,
Q25,B,A*C*D,1.74,100.0,2.94,6.05,
Q26,B,A*C*D,3.47,100.0,1.85,5.23,
Q27,B,A*C*D,3.21,100.0,3.11,7.3,
Q28,B,A*C*D,3.72,100.0,2.84,5.34,
Q29,B,A*C*D,3.16,100.0,5.79,7.09,
Q30,B,A*C*D,4.7,100.0,3.69,7.4,
Q31,A,B*C,100.0,6.87,3.35,10.26,
Q33,A,C*D,100.0,30.11,3.41,7.13,
Q34,A,B*C,100.0,6.25,5.69,10.55,
Q35,A,B*C*D,100.0,8.11,3.08,6.03,
Q36,A,B*C*D,100.0,6.8,3.8,7.83,
Q37,A*C,B*D,100.0,8.86,37.95,8.34,
Q38,A,C,100.0,10.82,9.69,13.09,
Q39,D,A*C,5.63,10.02,6.33,100.0,
Q40,C,A,7.01,12.5,100.0,11.91,
Q1,B,A*C*D,8.65,100.0,4.9,6.56,
Q2,D,A*B*C,4.04,7.61,1.62,100.0,
Q3,B*D,A*C,5.19,49.57,3.29,100.0,
Q4,C,A*B*D,4.9,6.01,100.0,2.26,
Q5,B,A*C*D,4.48,100.0,4.62,4.34,
Q6,D,A*B*C,7.25,8.12,5.4,100.0,
Q7,C,A*B*D,4.49,7.47,100.0,6.97,
Q8,B,A*C*D,5.25,100.0,7.75,6.12,
Q9,C,A*D,7.77,11.39,100.0,6.62,
Q10,C,A*D,6.28,10.41,100.0,7.25,
Q11,C,A*B*D,3.89,3.54,100.0,3.44,
Q12,C,A*B*D,6.29,2.77,100.0,0.67,
Q13,B,A*C*D,3.94,100.0,2.33,1.44,
Q14,A*C,B*D,100.0,2.46,89.73,2.63,
Q15,D,A*B*C,5.62,3.36,1.25,100.0,
Q16,C,A*B*D,5.16,4.23,100.0,1.89,
Q17,B,A*C*D,5.18,100.0,2.45,3.44,
Q18,C,A*B*D,7.02,3.72,100.0,2.61,
Q19,D,B*C,11.49,3.63,4.35,100.0,
Q20,C,B,28.56,9.51,100.0,19.63,
Q21,B,A*C*D,5.67,100.0,6.46,9.76,
Q22,A,B*C*D,100.0,6.9,4.11,9.36,
Q23,C,A*B*D,5.29,4.63,100.0,9.49,
Q24,C,A*B*D,4.84,8.02,100.0,6.73,
Q25,B,A*C*D,3.25,100.0,3.8,9.91,
Q26,A,B*C*D,100.0,3.8,1.52,8.62,
Q27,A,B*C*D,100.0,7.08,3.64,7.74,
Q28,B,A*C*D,5.34,100.0,3.61,6.57,
Q29,B,A*C,4.43,100.0,7.84,13.68,
Q30,B,A*C,6.45,100.0,6.42,11.35,
Q31,C,A*B*D,4.04,9.13,100.0,9.43,
Q32,B,A*C*D,3.74,100.0,5.15,9.45,
Q33,B,A*C*D,3.97,100.0,4.22,9.78,
Q34,C,A*B*D,6.05,8.71,100.0,9.95,
Q35,D,A*B*C,5.55,6.22,4.03,100.0,
Q36,C,A*B*D,5.19,6.27,100.0,9.31,
Q37,B*C,,12.66,85.56,100.0,17.83,
Q38,B,A*C*D,7.11,100.0,6.52,9.88,
Q39,C,A,8.38,11.05,100.0,12.17,
Q40,C,A,9.88,13.41,100.0,16.28,
Q1,C,A*B*D,7.0,5.84,100.0,2.42,
Q2,C,A*B*D,3.74,2.31,100.0,4.84,
Q3,B,A*C*D,5.79,100.0,2.77,2.69,
Q4,A,B*C*D,100.0,5.46,4.49,3.43,
Q5,B,A*C*D,5.75,100.0,3.18,5.68,
Q6,C,A*B*D,7.61,6.5,100.0,5.21,
Q7,C,A*B*D,4.57,9.7,100.0,8.34,
Q8,B,A*C*D,8.75,100.0,5.82,6.82,
Q9,B,A*C*D,7.51,100.0,6.05,8.72,
Q10,B,A*C*D,7.46,100.0,4.49,6.84,
Q11,A,B*C*D,100.0,2.44,2.24,1.19,
Q12,B,A*C*D,6.71,100.0,2.31,2.09,
Q13,C,A*B*D,1.4,1.62,100.0,1.84,
Q14,C,A*B*D,4.1,2.66,100.0,1.64,
Q15,B,A*C*D,2.98,100.0,1.03,1.1,
Q16,B,A*C*D,5.24,100.0,1.23,1.91,
Q17,D,A*B*C,4.3,1.23,2.22,100.0,
Q18,A,B*C*D,100.0,2.84,3.61,4.75,
Q19,B,A*C*D,9.24,100.0,4.72,3.16,
Q20,B,A*C*D,8.73,100.0,2.96,1.8,
Q21,A,B*C,100.0,4.32,5.81,10.61,
Q22,B,A*C*D,2.02,100.0,2.36,8.71,
Q23,A,B*C*D,100.0,2.7,5.36,8.53,
Q24,B,A*C*D,2.16,100.0,0.88,9.08,
Q25,B,A*C*D,1.94,100.0,5.81,8.67,
Q26,C,A*B,2.1,4.19,100.0,11.36,
Q27,C,A*B,4.01,3.56,100.0,10.02,
Q28,C,A,5.66,10.34,100.0,11.35,
Q29,C,A,4.01,11.02,100.0,13.79,
Q30,B,A*C,7.82,100.0,6.3,11.42,
Q31,B,A,6.24,100.0,13.63,23.53,
Q32,B,A*C,5.2,100.0,5.37,12.38,
Q33,C,A*B*D,4.66,8.61,100.0,9.6,
Q34,B,A*C*D,5.01,100.0,5.52,8.99,
Q35,B,A*C,8.08,100.0,5.53,11.02,
Q36,C,A*D,6.58,11.16,100.0,8.92,
Q37,D,A*B*C,6.74,6.51,4.72,100.0,
Q38,C,A,7.53,10.56,100.0,14.5,
Q39,C,A,9.47,10.94,100.0,15.81,
Q40,C,A,7.81,12.47,100.0,16.09,
Q1,B,A*C*D,3.66,100.0,2.42,3.45,
Q2,C,A*B*D,3.15,3.79,100.0,3.56,
Q3,D,A*B*C,3.4,4.62,3.5,100.0,
Q4,B,A*C,3.13,100.0,1.97,13.81,
Q5,C,A*B*D,2.79,5.45,100.0,4.99,
Q7,A*B,C*D,39.14,100.0,5.45,3.48,
Q8,C,A*B*D,4.11,5.55,100.0,5.73,
Q9,B,A*C*D,6.9,100.0,6.23,8.61,
Q10,D,A*B*C,4.17,5.85,3.61,100.0,
Q11,A,B*C*D,100.0,1.53,0.77,0.89,
Q12,B,A*C*D,2.14,100.0,1.83,1.65,
Q13,C*D,A*B,2.89,1.15,83.08,100.0,
Q14,A,B*D,100.0,5.17,17.6,7.56,
Q15,B,A*C*D,3.22,100.0,1.04,1.77,
Q17,B,A*C*D,2.74,100.0,1.0,2.92,
Q18,C,A*B*D,3.25,3.02,100.0,2.44,
Q19,B,A*C*D,5.98,100.0,4.04,3.64,
Q21,A,B*C*D,100.0,6.27,3.61,7.02,
Q22,B,A*C*D,3.25,100.0,2.97,3.82,
Q23,D,A*B*C,6.32,5.83,2.5,100.0,
Q24,C,A*B*D,3.17,4.17,100.0,5.29,
Q28,B*C,A,6.95,100.0,99.99,11.06,
Q29,A,B*D,100.0,6.22,10.73,9.33,
Q32,B,A*C,8.7,100.0,7.84,15.48,
Q35,A*B,C*D,100.0,88.09,2.66,7.74,
Q37,B*C,A,4.1,59.13,100.0,10.51,
Q1,C,A*B*D,5.03,2.95,100.0,1.96,
Q2,A,B*C*D,100.0,5.02,1.68,2.19,
Q3,B,A*C*D,3.69,100.0,4.52,5.08,
Q4,D,A*B*C,4.19,5.59,1.01,100.0,
Q6,A*B,C*D,88.69,100.0,2.27,5.78,
Q7,C,D,15.68,10.28,100.0,4.89,
Q9,A,B*C*D,100.0,7.01,4.88,5.41,
Q10,B,A*C*D,7.51,100.0,2.99,5.24,
Q11,A,B*C*D,100.0,2.66,0.5,1.3,
Q12,B,A*C*D,6.77,100.0,2.33,3.59,
Q13,C,A*B*D,3.08,0.88,100.0,1.54,
Q15,A*B,C*D,100.0,68.9,4.88,3.89,
Q16,C,A*B*D,3.87,2.09,100.0,1.49,
Q18,C,A*B*D,4.37,2.07,100.0,2.0,
Q19,B,A*C*D,4.45,100.0,4.8,3.46,
Q20,C,A*B*D,5.92,4.19,100.0,1.53,
Q21,A,B*C*D,100.0,3.6,2.49,5.49,
Q22,C,A*B*D,1.9,3.2,100.0,4.82,
Q23,B,A*C*D,2.48,100.0,3.04,2.64,
Q24,D,A*B*C,1.61,4.05,1.39,100.0,
Q26,B,A*C*D,2.85,100.0,3.68,3.79,
Q27,A*B,C*D,48.61,100.0,0.97,6.94,
Q28,C,A,7.9,13.61,100.0,15.7,
Q29,D,A,6.2,12.82,11.73,100.0,
Q30,B,A*C*D,2.5,100.0,2.58,7.48,
Q31,B,A*C*D,3.93,100.0,5.2,8.51,
Q32,D,A*B*C,1.39,6.75,4.02,100.0,
Q33,A,B*C,100.0,4.65,3.26,10.54,
Q34,B,A*C*D,2.88,100.0,2.67,9.48,
Q35,A,,100.0,20.07,12.62,24.39,
Q36,D,A*B*C,4.7,6.63,2.75,100.0,
Q37,B,A*C*D,4.1,100.0,5.5,8.83,
Q39,B,A*C,5.68,100.0,5.2,10.07,
Q40,A,C,100.0,14.57,6.89,18.29,
Q1,B*D,A*C,3.49,100.0,2.88,96.91,
Q2,A,B*C*D,100.0,5.91,2.26,7.65,
Q3,C,A*B*D,4.8,2.48,100.0,4.07,
Q4,B,A*C*D,4.65,100.0,7.12,3.82,
Q5,D,A*B*C,3.12,6.27,3.58,100.0,
Q6,B,A*C,2.74,100.0,2.48,16.16,
Q7,C,A*D,6.09,20.23,100.0,4.71,
Q8,D,A*B,6.39,4.53,11.18,100.0,
Q9,C,A*B,4.0,5.8,100.0,10.32,
Q10,A,D,100.0,16.68,13.85,6.18,
Q11,B,A*C*D,2.19,100.0,0.97,1.56,
Q12,A*D,B*C,81.72,2.85,0.88,100.0,
Q13,C,A*B*D,5.23,1.86,100.0,6.57,
Q14,B*D,A*C,2.06,96.45,0.66,100.0,
Q15,C,A*B*D,3.57,1.49,100.0,1.58,
Q16,B,A*C*D,2.48,100.0,1.19,1.33,
Q17,C,A*B*D,2.52,8.47,100.0,1.6,
Q18,A,B*C*D,100.0,2.77,1.56,2.02,
Q19,C,A*B*D,9.26,3.89,100.0,2.78,
Q20,B,A*C*D,5.07,100.0,5.65,1.16,
Q21,D,A*B*C,3.01,5.06,2.61,100.0,
Q22,C,A*B*D,4.65,2.73,100.0,8.63,
Q23,B,A*C*D,1.87,100.0,2.82,5.48,
Q24,C,A*B*D,0.47,3.06,100.0,4.85,
Q25,A,B*C*D,100.0,3.45,3.76,6.14,
Q26,C,A*B*D,4.23,2.57,100.0,5.68,
Q27,B,A*C*D,4.91,100.0,3.12,8.74,
Q28,A,B*C*D,100.0,4.64,3.84,5.98,
Q29,B,A*C*D,4.89,100.0,3.25,6.19,
Q30,A,B*C*D,100.0,8.07,4.56,6.2,
Q31,D,A*B*C,5.38,7.56,4.62,100.0,
Q32,A,B*C,100.0,6.23,3.49,12.21,
Q33,C,A*B*D,4.76,4.18,100.0,6.71,
Q34,D,A*B*C,5.13,5.3,3.29,100.0,
Q35,A,B*C*D,100.0,3.59,2.44,7.77,
Q36,C,A*B*D,4.43,3.68,100.0,8.43,
Q37,B,A*C*D,4.13,100.0,3.95,7.38,
Q38,A,B*C*D,100.0,8.41,6.28,9.59,
Q39,C,A*B,7.26,9.48,100.0,11.45,
Q40,A,B*C,100.0,8.55,8.0,11.58,
Q1,B,A*C*D,5.8,100.0,3.92,4.13,
Q2,A,B*C*D,100.0,3.11,2.24,3.27,
Q3,C,A*B*D,3.72,1.92,100.0,2.54,
Q4,B,A*C*D,3.85,100.0,2.43,2.43,
Q5,D,A*B*C,3.44,3.88,2.36,100.0,
Q6,D,A*B*C,5.58,3.84,1.74,100.0,
Q7,C,A*B*D,5.6,5.79,100.0,5.02,
Q8,B,A*C*D,5.21,100.0,4.12,1.64,
Q9,A,B*C*D,100.0,7.69,5.7,8.25,
Q10,B,A*C*D,4.13,100.0,3.91,3.91,
Q11,C,A*B*D,2.97,1.88,100.0,2.15,
Q12,B,A*C*D,2.46,100.0,0.45,1.64,
Q13,C,A*B*D,1.39,1.35,100.0,0.66,
Q15,D,A*B*C,1.81,0.44,1.17,100.0,
Q16,A,B*C*D,100.0,1.77,1.49,1.61,
Q17,B,A*C*D,3.62,100.0,1.86,0.96,
Q18,C,A*B*D,4.12,2.29,100.0,3.8,
Q19,B,A*C*D,5.87,100.0,2.37,4.4,
Q20,A,B*C*D,100.0,4.52,1.95,3.8,
Q21,B,A*C*D,2.85,100.0,4.65,7.62,
Q22,A,B*C*D,100.0,1.78,2.44,6.91,
Q23,B,A*C*D,6.26,100.0,4.25,6.43,
Q24,C,A*B*D,4.1,3.25,100.0,7.64,
Q25,D,A*B*C,1.34,2.35,1.93,100.0,
Q26,B,A*C*D,2.66,100.0,0.9,3.82,
Q27,A,B*C*D,100.0,5.76,2.72,5.6,
Q28,B,A*C*D,4.79,100.0,3.85,9.02,
Q29,C,A*B*D,5.43,7.42,100.0,8.41,
Q30,A,B*C*D,100.0,7.03,2.69,6.21,
Q31,B,A*C*D,3.74,100.0,6.38,9.5,
Q32,C,A*B,3.67,8.69,100.0,11.39,
Q33,A,B*C*D,100.0,4.79,4.15,8.53,
Q34,B,A*C*D,3.31,100.0,4.85,8.37,
Q35,C,A*B*D,2.71,5.57,100.0,9.21,
Q36,D,A*B*C,2.95,5.78,4.41,100.0,
Q37,C,B*D,15.03,5.98,100.0,6.5,
Q38,A,C*D,100.0,10.28,7.1,9.42,
Q39,B,A*C,5.65,100.0,5.48,10.51,
Q40,D,A*B*C,6.11,8.96,7.81,100.0,
Q1,A,B*C*D,100.0,5.17,2.17,6.33,
Q2,B,A*C*D,6.71,100.0,4.54,3.75,
Q3,C,A*B*D,5.34,4.81,100.0,8.67,
Q4,C,A*B*D,3.79,3.09,100.0,3.1,
Q5,D,A*B*C,6.38,3.66,7.32,100.0,
Q6,C,A*B*D,6.25,5.64,100.0,7.14,
Q7,D,A*B*C,5.45,4.17,4.04,100.0,
Q8,B,A*C*D,5.19,100.0,5.04,6.46,
Q9,C,A*D,9.95,13.57,100.0,8.26,
Q10,D,A*B*C,4.53,4.07,5.38,100.0,
Q11,B,A*C*D,3.45,100.0,2.37,3.07,
Q12,C,A*B*D,5.07,2.92,100.0,4.14,
Q13,D,A*B*C,2.51,2.21,1.55,100.0,
Q14,C,A*B*D,8.22,1.4,100.0,3.05,
Q15,D,A*B*C,1.88,1.59,1.59,100.0,
Q16,C,A*B*D,3.13,1.67,100.0,2.72,
Q17,B,A*C*D,2.93,100.0,1.24,0.92,
Q18,C,A*B*D,3.74,2.63,100.0,1.87,
Q19,D,A*B*C,3.62,2.07,3.35,100.0,
Q20,C,A*B*D,4.6,3.28,100.0,1.35,
Q21,A,B*C*D,100.0,9.23,6.43,8.14,
Q22,B,A*C*D,1.44,100.0,3.49,3.31,
Q23,C,A*B*D,1.24,2.33,100.0,4.35,
Q24,D,A*B*C,1.8,3.3,1.55,100.0,
Q25,C,A*B*D,2.93,3.66,100.0,4.76,
Q27,D,A*B*C,2.29,4.58,3.08,100.0,
Q28,C,A*B*D,3.64,3.64,100.0,5.22,
Q29,D,A*B,8.39,7.8,10.82,100.0,
Q30,C,A*B*D,4.16,4.04,100.0,4.81,
Q31,A,B*C*D,100.0,6.74,5.39,8.67,
Q32,B,A*C*D,3.12,100.0,5.85,9.34,
Q33,C,A*B*D,5.14,8.2,100.0,9.67,
Q34,C,,10.09,14.18,100.0,23.85,
Q35,D,A*B*C,5.89,8.97,4.08,100.0,
Q36,B,A*C,4.05,100.0,5.41,10.05,
Q37,C,A,9.88,12.28,100.0,19.47,
Q38,D,A*B*C,5.23,8.89,5.87,100.0,
Q39,C,A*B,4.24,6.91,100.0,10.47,
Q40,D,A*B*C,4.8,7.14,7.46,100.0,
Q1,A*B*C,D,59.7,100.0,74.77,5.73,
Q2,B,C*D,13.5,100.0,5.48,8.02,
Q3,C,A*B*D,3.88,8.45,100.0,8.19,
Q4,D,A*B*C,7.29,6.93,4.35,100.0,
Q5,C,A*B*D,8.39,4.34,100.0,8.35,
Q6,B,A*C,6.84,100.0,9.02,11.69,
Q7,D,,12.18,12.7,10.28,100.0,
Q8,C,,10.31,14.44,100.0,16.51,
Q9,A,,100.0,21.59,16.66,17.19,
Q10,C,,11.29,11.5,100.0,15.53,
Q11,A,B*C*D,100.0,3.52,6.45,5.12,
Q12,B,C*D,13.98,100.0,4.45,4.45,
Q13,C,A*B*D,5.49,0.47,100.0,0.93,
Q14,D,A*B*C,9.0,3.94,4.38,100.0,
Q15,C,A*B*D,5.79,1.53,100.0,0.54,
Q16,B,A*C*D,3.14,100.0,3.8,5.25,
Q17,C,A*D,8.09,10.93,100.0,3.22,
Q18,D,A*B*C,4.64,8.98,7.19,100.0,
Q19,C,B*D,13.74,7.43,100.0,7.46,
Q21,A,B*C,100.0,5.76,4.82,10.1,
Q22,B,A*C*D,6.72,100.0,4.44,9.45,
Q23,C,A*B,4.25,3.27,100.0,12.47,
Q25,C,A,4.55,10.8,100.0,15.0,
Q26,D,A*B*C,2.89,6.03,3.81,100.0,
Q27,C,A*B*D,3.05,4.27,100.0,7.92,
Q28,B,A*C,6.49,100.0,6.95,15.42,
Q29,C,A*B,5.05,7.69,100.0,10.02,
Q30,D,A*C,4.82,16.11,7.11,100.0,
Q31,A,B*C,100.0,9.73,5.84,10.63,
Q32,B,A,7.41,100.0,13.2,21.47,
Q33,C,A,6.67,13.94,100.0,28.49,
Q34,B,,12.81,100.0,13.2,32.98,
Q35,C,,13.68,16.58,100.0,27.19,
Q36,B,,12.48,100.0,12.02,20.41,
Q38,C,,12.22,20.17,100.0,27.32,
Q39,B,,18.75,100.0,18.6,25.91,
Q40,C,,14.8,31.85,100.0,22.87,
Q1,A,B*C*D,100.0,3.29,3.44,2.62,
Q2,B,A*C*D,0.17,100.0,0.0,0.0,
Q3,C,A*B*D,0.86,4.85,100.0,2.57,
Q4,D,A*B*C,0.0,1.23,0.2,100.0,
Q5,C,A*B*D,0.4,1.85,100.0,1.27,
Q6,B,A*C*D,0.0,100.0,0.47,0.0,
Q7,A,B*C*D,100.0,6.71,5.02,5.79,
Q8,B,A*C*D,0.48,100.0,0.0,1.15,
Q9,C,A*B*D,4.46,8.05,100.0,8.28,
Q10,D,A*B*C,0.53,0.19,0.18,100.0,
Q11,A,B*C*D,100.0,0.44,1.12,0.65,
Q12,B,A*C*D,2.21,100.0,1.52,1.33,
Q13,C,A*B*D,0.63,0.3,100.0,0.3,
Q14,D,A*B*C,0.68,0.18,1.05,100.0,
Q15,C,A*B*D,0.69,0.0,100.0,0.0,
Q16,B,A*C*D,1.92,100.0,1.19,0.19,
Q17,A,B*C*D,100.0,0.2,0.6,0.0,
Q18,B,A*C*D,3.86,100.0,3.18,1.93,
Q19,C,A*B*D,5.06,2.53,100.0,0.36,
Q20,D,A*B*C,3.32,3.13,3.41,100.0,
Q21,A,B*C*D,100.0,6.48,1.53,6.43,
Q22,B,A*C*D,0.2,100.0,0.0,4.36,
Q23,C,A,0.82,12.69,100.0,12.7,
Q24,D,A*B*C,0.38,5.45,0.0,100.0,
Q25,C,A*B*D,0.35,6.62,100.0,5.11,
Q26,B,A*C*D,0.38,100.0,0.18,3.07,
Q27,C,A*B*D,2.12,6.17,100.0,7.51,
Q28,D,A*B*C,0.39,6.28,0.76,100.0,
Q29,C,A,4.96,10.34,100.0,10.73,
Q30,B,A*C*D,0.66,100.0,1.03,5.28,
Q31,A,B*C*D,100.0,1.39,1.39,3.28,
Q32,B,A*C*D,1.95,100.0,0.67,2.94,
Q33,C,A*B*D,1.76,1.5,100.0,2.9,
Q34,D,A*B*C,0.87,3.7,1.08,100.0,
Q35,C,A*B*D,0.35,1.02,100.0,2.72,
Q36,B,A*C*D,1.51,100.0,6.59,3.7,
Q37,C,A*B*D,1.46,4.38,100.0,3.66,
Q38,D,A*C,4.5,10.69,2.82,100.0,
Q39,B,A*C*D,0.87,100.0,1.69,3.77,
Q40,D,C,11.28,17.14,5.84,100.0,
